nombre1;apellido1;1;emailTest@fake.uy.1;usuario1;password1
nombre2;apellido2;2;emailTest@fake.uy.2;usuario2;password2
nombre3;apellido3;3;emailTest@fake.uy.3;usuario3;password3
nombre4;apellido4;4;emailTest@fake.uy.4;usuario4;password4
nombre5;apellido5;5;emailTest@fake.uy.5;usuario5;password5
nombre6;apellido6;6;emailTest@fake.uy.6;usuario6;password6
nombre7;apellido7;7;emailTest@fake.uy.7;usuario7;password7
nombre8;apellido8;8;emailTest@fake.uy.8;usuario8;password8
nombre9;apellido9;9;emailTest@fake.uy.9;usuario9;password9
nombre10;apellido10;10;emailTest@fake.uy.10;usuario10;password10
nombre11;apellido11;11;emailTest@fake.uy.11;usuario11;password11
nombre12;apellido12;12;emailTest@fake.uy.12;usuario12;password12
nombre13;apellido13;13;emailTest@fake.uy.13;usuario13;password13
nombre14;apellido14;14;emailTest@fake.uy.14;usuario14;password14
nombre15;apellido15;15;emailTest@fake.uy.15;usuario15;password15
nombre16;apellido16;16;emailTest@fake.uy.16;usuario16;password16
nombre17;apellido17;17;emailTest@fake.uy.17;usuario17;password17
nombre18;apellido18;18;emailTest@fake.uy.18;usuario18;password18
nombre19;apellido19;19;emailTest@fake.uy.19;usuario19;password19
nombre20;apellido20;20;emailTest@fake.uy.20;usuario20;password20
nombre21;apellido21;21;emailTest@fake.uy.21;usuario21;password21
nombre22;apellido22;22;emailTest@fake.uy.22;usuario22;password22
nombre23;apellido23;23;emailTest@fake.uy.23;usuario23;password23
nombre24;apellido24;24;emailTest@fake.uy.24;usuario24;password24
nombre25;apellido25;25;emailTest@fake.uy.25;usuario25;password25
nombre26;apellido26;26;emailTest@fake.uy.26;usuario26;password26
nombre27;apellido27;27;emailTest@fake.uy.27;usuario27;password27
nombre28;apellido28;28;emailTest@fake.uy.28;usuario28;password28
nombre29;apellido29;29;emailTest@fake.uy.29;usuario29;password29
nombre30;apellido30;30;emailTest@fake.uy.30;usuario30;password30
nombre31;apellido31;31;emailTest@fake.uy.31;usuario31;password31
nombre32;apellido32;32;emailTest@fake.uy.32;usuario32;password32
nombre33;apellido33;33;emailTest@fake.uy.33;usuario33;password33
nombre34;apellido34;34;emailTest@fake.uy.34;usuario34;password34
nombre35;apellido35;35;emailTest@fake.uy.35;usuario35;password35
nombre36;apellido36;36;emailTest@fake.uy.36;usuario36;password36
nombre37;apellido37;37;emailTest@fake.uy.37;usuario37;password37
nombre38;apellido38;38;emailTest@fake.uy.38;usuario38;password38
nombre39;apellido39;39;emailTest@fake.uy.39;usuario39;password39
nombre40;apellido40;40;emailTest@fake.uy.40;usuario40;password40
nombre41;apellido41;41;emailTest@fake.uy.41;usuario41;password41
nombre42;apellido42;42;emailTest@fake.uy.42;usuario42;password42
nombre43;apellido43;43;emailTest@fake.uy.43;usuario43;password43
nombre44;apellido44;44;emailTest@fake.uy.44;usuario44;password44
nombre45;apellido45;45;emailTest@fake.uy.45;usuario45;password45
nombre46;apellido46;46;emailTest@fake.uy.46;usuario46;password46
nombre47;apellido47;47;emailTest@fake.uy.47;usuario47;password47
nombre48;apellido48;48;emailTest@fake.uy.48;usuario48;password48
nombre49;apellido49;49;emailTest@fake.uy.49;usuario49;password49
nombre50;apellido50;50;emailTest@fake.uy.50;usuario50;password50
nombre51;apellido51;51;emailTest@fake.uy.51;usuario51;password51
nombre52;apellido52;52;emailTest@fake.uy.52;usuario52;password52
nombre53;apellido53;53;emailTest@fake.uy.53;usuario53;password53
nombre54;apellido54;54;emailTest@fake.uy.54;usuario54;password54
nombre55;apellido55;55;emailTest@fake.uy.55;usuario55;password55
nombre56;apellido56;56;emailTest@fake.uy.56;usuario56;password56
nombre57;apellido57;57;emailTest@fake.uy.57;usuario57;password57
nombre58;apellido58;58;emailTest@fake.uy.58;usuario58;password58
nombre59;apellido59;59;emailTest@fake.uy.59;usuario59;password59
nombre60;apellido60;60;emailTest@fake.uy.60;usuario60;password60
nombre61;apellido61;61;emailTest@fake.uy.61;usuario61;password61
nombre62;apellido62;62;emailTest@fake.uy.62;usuario62;password62
nombre63;apellido63;63;emailTest@fake.uy.63;usuario63;password63
nombre64;apellido64;64;emailTest@fake.uy.64;usuario64;password64
nombre65;apellido65;65;emailTest@fake.uy.65;usuario65;password65
nombre66;apellido66;66;emailTest@fake.uy.66;usuario66;password66
nombre67;apellido67;67;emailTest@fake.uy.67;usuario67;password67
nombre68;apellido68;68;emailTest@fake.uy.68;usuario68;password68
nombre69;apellido69;69;emailTest@fake.uy.69;usuario69;password69
nombre70;apellido70;70;emailTest@fake.uy.70;usuario70;password70
nombre71;apellido71;71;emailTest@fake.uy.71;usuario71;password71
nombre72;apellido72;72;emailTest@fake.uy.72;usuario72;password72
nombre73;apellido73;73;emailTest@fake.uy.73;usuario73;password73
nombre74;apellido74;74;emailTest@fake.uy.74;usuario74;password74
nombre75;apellido75;75;emailTest@fake.uy.75;usuario75;password75
nombre76;apellido76;76;emailTest@fake.uy.76;usuario76;password76
nombre77;apellido77;77;emailTest@fake.uy.77;usuario77;password77
nombre78;apellido78;78;emailTest@fake.uy.78;usuario78;password78
nombre79;apellido79;79;emailTest@fake.uy.79;usuario79;password79
nombre80;apellido80;80;emailTest@fake.uy.80;usuario80;password80
nombre81;apellido81;81;emailTest@fake.uy.81;usuario81;password81
nombre82;apellido82;82;emailTest@fake.uy.82;usuario82;password82
nombre83;apellido83;83;emailTest@fake.uy.83;usuario83;password83
nombre84;apellido84;84;emailTest@fake.uy.84;usuario84;password84
nombre85;apellido85;85;emailTest@fake.uy.85;usuario85;password85
nombre86;apellido86;86;emailTest@fake.uy.86;usuario86;password86
nombre87;apellido87;87;emailTest@fake.uy.87;usuario87;password87
nombre88;apellido88;88;emailTest@fake.uy.88;usuario88;password88
nombre89;apellido89;89;emailTest@fake.uy.89;usuario89;password89
nombre90;apellido90;90;emailTest@fake.uy.90;usuario90;password90
nombre91;apellido91;91;emailTest@fake.uy.91;usuario91;password91
nombre92;apellido92;92;emailTest@fake.uy.92;usuario92;password92
nombre93;apellido93;93;emailTest@fake.uy.93;usuario93;password93
nombre94;apellido94;94;emailTest@fake.uy.94;usuario94;password94
nombre95;apellido95;95;emailTest@fake.uy.95;usuario95;password95
nombre96;apellido96;96;emailTest@fake.uy.96;usuario96;password96
nombre97;apellido97;97;emailTest@fake.uy.97;usuario97;password97
nombre98;apellido98;98;emailTest@fake.uy.98;usuario98;password98
nombre99;apellido99;99;emailTest@fake.uy.99;usuario99;password99
nombre100;apellido100;100;emailTest@fake.uy.100;usuario100;password100
